{
  "bySignature": {
    "deepdesert_1-0d22aa96e0f7e8eb77b2c3a6623dad7c": [
      {
        "x": 0.437988,
        "y": 0.395451,
        "label": "Large Spice Field 1"
      },
      {
        "x": 0.812598,
        "y": 0.395939,
        "label": "Large Spice Field 2"
      },
      {
        "x": 0.771582,
        "y": 0.103631,
        "label": "Large Spice Field 3"
      },
      {
        "x": 0.10415,
        "y": 0.438104,
        "label": "Large Spice Field 4"
      }
    ]
  }
}